"","study_ID","study","experiment","first_author","year","n_turbines","n_turbines_studied","total_capacity_study_turbines_kW","total_capacity_kW","capacity_class","turbine_type","max_diameter","n_blades","rpm","head","max_flow_rate_HPP","sampling_method","country","global_region","location","waterbody","MQ_waterbody","Lat","Long"
"1","Holzner_2000_Mainkraftwerks_Dettelbach","Holzner (2000)","Mainkraftwerks Dettelbach","Holzner",2000,2,2,4500,4500,"SHP","Kaplan",3.54,4,100,4.55,120,"net","Germany","Europe","Dettelbach","Main","112",49.79465,10.1818
"2","Schmalz_2007_Wasserkraftanlage_Döbritschen","Schmalz & Schmalz (2007)","Wasserkraftanlage Döbritschen","Schmalz",2007,2,2,425,425,"vSHP","Francis",2.7,21,33,2.5,20,"net","Germany","Europe","Döbritschen","Saale","31.4",51.04296,11.6802
"3","Späh_2001_Schnecke_Höxter","Späh (2001)","Schnecke Höxter","Späh",2001,NA,1,18.5,18.5,"SHP","Screw",1.38,NA,NA,3.97,0.615,"net","Germany","Europe","Höxter-Godelheim","Nethe","5.65",51.73008,9.36678
"4","Schneider_2012_Mainkraftwerk_Kostheim_stocking","Schneider et al. (2012)","Mainkraftwerk Kostheim stocking","Schneider",2012,2,1,2480,4960,"SHP","Kaplan",3.71,3,85,3.76,160,"net","Germany","Europe","Kostheim","Main","210",50.00031,8.33493
"5","Edler_2011_Schnecke_Rhede-Krechting","Edler et al. (2011)","Schnecke Rhede-Krechting","Edler",2011,1,1,55,55,"vSHP","Screw",2.6,NA,NA,2.8,2.5,"net","Germany","Europe","Krechting","Bocholter Aa","2.7",51.81843,6.69863
"6","Matk_2012_WKA_Prossen_Lachsbach","Matk (2012)","WKA Prossen Lachsbach","Matk",2012,1,1,80,80,"vSHP","Francis",NA,NA,140,4.5,2.43,"net","Germany","Europe","Prossen","Lachsbach",NA,50.93309,14.13208
"7","Schmalz_2010_Walkmühle_Screw","Schmalz (2010)","Walkmühle Screw","Schmalz",2010,3,1,45.5,357,"vSHP","Screw",NA,NA,NA,2.55,14,"net","Germany","Europe","Meiningen","Werra","14",50.55134,10.41019
"8","Schmalz_2010_Walkmühle_Francisturbine","Schmalz (2010)","Walkmühle Francisturbine","Schmalz",2010,3,2,310,357,"vSHP","Francis",NA,18,NA,3.04,14,"net","Germany","Europe","Meiningen","Werra","14",50.55134,10.41019
"9","Schwevers_2011_Aalabstieg_Landesbergen","Schwevers et al. (2011)","Aalabstieg Landesbergen","Schwevers",2011,3,3,7200,7200,"SHP","Kaplan",4.5,4,69,3.76,200,"net","Germany","Europe","Landesbergen","Weser","193",52.57649,9.11159
"10","Schwevers_2011_Aalabstieg_Drakenburg","Schwevers et al. (2011)","Aalabstieg Drakenburg","Schwevers",2011,3,3,5000,5000,"SHP","Kaplan",4.5,4,60,3,200,"net","Germany","Europe","Drakenburg","Weser","208",52.68913,9.21175
"11","Hanfland_2006_Zehrer_Mühle","Hanfland et al. (2006)","Zehrer Mühle","Hanfland",2006,1,1,49,49,"vSHP","Cross-flow",NA,NA,NA,4.5,1.2,"net","Germany","Europe","Zehrer Mühle","Mitternacher Ohe","2.57",48.84948,13.3096
"12","Tombek_2008_Rödermühle_Schnecke","Tombek & Holzner (2008)","Rödermühle Schnecke","Tombek",2008,4,1,9.5,9.5,"vSHP","Screw",NA,NA,NA,1.1,NA,"net","Germany","Europe","Diebach","Fränkische Saale",NA,50.12414,9.83957
"13","Tombek_2008_Gugelmühle_Francisturbine","Tombek & Holzner (2008)","Gugelmühle Francisturbine","Tombek",2008,2,1,45,65,"vSHP","Francis",NA,NA,50,1.7,4.7,"net","Germany","Europe","Röckingen","Wörnitz",NA,49.04033,10.56207
"14","Tombek_2008_Gugelmühle_Schnecke","Tombek & Holzner (2008)","Gugelmühle Schnecke","Tombek",2008,2,1,20,65,"vSHP","Screw",2.2,NA,28,1.8,4.7,"net","Germany","Europe","Landkreis Ansbach","Wörnitz",NA,49.04033,10.56207
"15","Tombek_2008_Schüttentobel","Tombek & Holzner (2008)","Schüttentobel","Tombek",2008,NA,NA,NA,NA,"vSHP","Francis",NA,NA,NA,NA,NA,"net","Germany","Europe","Schüttentobel","Obere Argen",NA,47.61894,10.04622
"16","Tombek_2008_Rödermühle_Wasserrad","Tombek & Holzner (2008)","Rödermühle Wasserrad","Tombek",2008,4,2,NA,NA,"vSHP","Water wheel",NA,NA,NA,NA,NA,"net","Germany","Europe","Diebach","Fränkische Saale",NA,50.12414,9.83957
"17","Wagner_2013_WKA_Stahmeln","Wagner (2013a)","WKA Stahmeln","Wagner",2013,2,2,162,162,"vSHP","Francis",1.5,NA,40,1.6,8.25,"net","Germany","Europe","Stahmeln","Weiße Elster","7.5",51.37587,12.30133
"18","Wagner_2013_WKA_Wehlitz","Wagner (2013b)","WKA Wehlitz","Wagner",2013,1,1,116,116,"vSHP","Francis",2.3,23,39,2.3,8.5,"net","Germany","Europe","Wehlitz","Weiße Elster","7.5",51.38969,12.19689
"19","Schomaker_2016_Buchholzer_Mühle","Schomaker & Wolter (2016)","Buchholzer Mühle","Schomaker",2016,1,1,12,12,"vSHP","Water wheel",5,40,5,2,0.7,"net","Germany","Europe","Salzbrunn","Nieplitz","3.15",52.175402,12.930146
"20","Schomaker_2016_Wasserrad_Maustmühle","Schomaker & Wolter (2016)","Wasserrad Maustmühle","Schomaker",2016,1,1,1.6,1.6,"vSHP","Water wheel",3.9,24,6.86,0.41,0.8,"net","Germany","Europe","Peitz","Hammergraben",NA,51.827583,14.412573
"21","Schomaker_2016_Wassermühle_Gollmitz","Schomaker & Wolter (2016)","Wassermühle Gollmitz","Schomaker",2016,1,1,11,11,"vSHP","Water wheel",6,36,6.05,3.65,0.75,"net","Germany","Europe","Nordwestuckermark","Boitzenburger Strom","1",53.294045,13.720754
"22","Schomaker_2016_Eulenmühle_Glieneck","Schomaker & Wolter (2016)","Eulenmühle Glieneck","Schomaker",2016,1,1,18,18,"vSHP","Water wheel",6.5,40,5,3.1,1,"net","Germany","Europe","Ziesar","Buckau","0.62",52.283924,12.357978
"23","Schomaker_2016_Lohmühle_Nägelstedt","Schomaker & Wolter (2016)","Lohmühle Nägelstedt","Schomaker",2016,1,1,30,30,"vSHP","Water wheel",6.5,40,4.07,2,2,"net","Germany","Europe","Nägelstedt","Unstrut","4.03",51.10695,10.724406
"24","Schomaker_2016_Untermühle_Freienorla","Schomaker & Wolter (2016)","Untermühle Freienorla","Schomaker",2016,1,1,18,18,"vSHP","Water wheel",5.58,40,5.25,1.8,1.6,"net","Germany","Europe","Freienorla","Orla","1.35",50.76982,11.541762
"25","Schomaker_2016_Mühle_Ringleben","Schomaker & Wolter (2016)","Mühle Ringleben","Schomaker",2016,1,1,27,27,"vSHP","Water wheel",6.5,42,3,1.6,2.5,"net","Germany","Europe","Ringleben","Mahlgera",NA,51.103269,10.952733
"26","Schomaker_2016_Römische_Aumühle","Schomaker & Wolter (2016)","Römische Aumühle","Schomaker",2016,1,1,20,20,"vSHP","Water wheel",5.5,36,5.5,1.6,2,"net","Germany","Europe","Hadamar-Oberzeuzheim","Elbbach","3.997",50.482181,8.049425
"27","Schomaker_2016_Neumühle","Schomaker & Wolter (2016)","Neumühle","Schomaker",2016,1,1,15,15,"vSHP","Water wheel",5,36,5.2,2.1,1,"net","Germany","Europe","Hadamar-Niederhadamar","Elbbach","3.997",50.431476,8.040062
"28","Schmalz_2016_Wasserrad_Reurieth","Schmalz (2016)","Wasserrad Reurieth","Schmalz",2016,2,1,8.29,25.29,"vSHP","Water wheel",5,48,5,1.5,1.65,"net","Germany","Europe","Reurieth","Werra","2.56",50.45212,10.65737
"29","Schmalz_2016_Turbine_Reurieth","Schmalz (2016)","Turbine Reurieth","Schmalz",2016,2,1,17,25.29,"vSHP","Francis",NA,NA,NA,2,1.65,"net","Germany","Europe","Reurieth","Werra","2.56",50.45212,10.65737
"30","Schäfer_2016_TUM-Hydro_Shaft_Power_Plant_Prototype","Schäfer et al. (2016)","TUM-Hydro Shaft Power Plant Prototype","Schäfer",2016,1,1,35,35,"vSHP","Kaplan",0.75,4,333,2.5,1.5,"net","Germany","Europe","Obernach","Isar",NA,47.55545,11.29161
"31","Schultze_1989_WKA_Wahnhausen","Schultze (1989)","WKA Wahnhausen","Schultze",1989,1,1,4000,4000,"SHP","Kaplan",3.3,4,150,8.5,60,"net","Germany","Europe","Wahnhausen","Fulda","60",51.36288,9.54706
"32","Rathcke_2000_Aalschädigung_Landesbergen_1996","Rathcke (2000)","Aalschädigung Landesbergen 1996","Rathcke",1997,3,3,7200,7200,"SHP","Kaplan",4.5,4,69,3.76,200,"net","Germany","Europe","Landesbergen","Weser","193",52.57649,9.11159
"33","Rathcke_2000_Aalschädigung_Landesbergen_1999","Rathcke (2000)","Aalschädigung Landesbergen 1999","Rathcke",2000,3,3,7200,7200,"SHP","Kaplan",4.5,4,69,3.76,200,"net","Germany","Europe","Landesbergen","Weser","193",52.57649,9.11159
"34","Brauer_2007_Aalabstieg_Landesbergen_2006/07","Brauer (2007)","Aalabstieg Landesbergen 2006/07","Brauer",2007,3,3,7200,7200,"SHP","Kaplan",4.5,4,69,3.76,200,"net","Germany","Europe","Landesbergen","Weser","193",52.57649,9.11159
"35","Butschek_1956_WKA_Kleinwallstadt","Butschek & Hofbauer (1957)","WKA Kleinwallstadt","Butschek",1956,2,2,3400,3400,"SHP","Kaplan",4.4,NA,68.2,4,200,"net","Germany","Europe","Kleinwallstadt","Main","160",49.86858,9.16151
"36","Ache_2011_WKA_Vilshofen_Francisturbine","Ache (2011)","WKA Vilshofen Francisturbine","Ache",2011,3,2,300,330,"vSHP","Francis",NA,NA,130,3,11,"net","Germany","Europe","Vilshofen","Vils","10.5",48.61665,13.16891
"37","Ache_2011_WKA_Vilshofen_Screw","Ache (2011)","WKA Vilshofen Screw","Ache",2011,3,1,30,330,"vSHP","Screw",NA,NA,35.1,3,11,"net","Germany","Europe","Vilshofen","Vils","10.5",48.61665,13.16891
"38","Bracken_2013_Howsham_Mill","Bracken & Lucas (2013)","Howsham Mill","Bracken",2013,1,1,24,24,"vSHP","Screw",NA,NA,NA,1.8,NA,"net","Great Britain","Europe","Howstam Mill","Derwent","15.5",54.05587,-0.88612
"39","Monten_1985_Motala_Exp_1","Monten (1985)","Motala Exp 1","Monten",1985,1,1,173.74,173.74,"vSHP","Kaplan",0.6,6,450,14.6,1.4,"net","Sweden","Europe","Motala","Motala-Strom",NA,58.5434,15.078
"40","Monten_1985_Motala_Exp_2","Monten (1985)","Motala Exp 2","Monten",1985,1,1,173.74,173.74,"vSHP","Kaplan",0.6,6,630,14.6,1.4,"net","Sweden","Europe","Motala","Motala-Strom",NA,58.5434,15.078
"41","Monten_1985_Motala_Exp_3","Monten (1985)","Motala Exp 3","Monten",1985,1,1,99.28,99.28,"vSHP","Francis",0.64,19,450,14.6,0.8,"net","Sweden","Europe","Motala","Motala-Strom",NA,58.5434,15.078
"42","Monten_1985_Motala_Exp_4","Monten (1985)","Motala Exp 4","Monten",1985,1,1,99.28,99.28,"vSHP","Francis",0.64,19,345,14.6,0.8,"net","Sweden","Europe","Motala","Motala-Strom",NA,58.5434,15.078
"43","Monten_1985_Motala_Exp_5","Monten (1985)","Motala Exp 5","Monten",1985,1,1,173.74,173.74,"vSHP","Kaplan",0.6,6,630,14.6,1.4,"net","Sweden","Europe","Motala","Motala-Strom",NA,58.5434,15.078
"44","Monten_1985_Motala_Exp_6","Monten (1985)","Motala Exp 6","Monten",1985,1,1,99.28,99.28,"vSHP","Francis",0.64,19,381,14.6,0.8,"net","Sweden","Europe","Motala","Motala-Strom",NA,58.5434,15.078
"45","Monten_1985_Motala_Exp_7","Monten (1985)","Motala Exp 7","Monten",1985,1,1,173.74,173.74,"vSHP","Kaplan",0.6,6,598,14.6,1.4,"net","Sweden","Europe","Motala","Motala-Strom",NA,58.5434,15.078
"46","Monten_1985_Motala_Exp_8","Monten (1985)","Motala Exp 8","Monten",1985,1,1,99.28,99.28,"vSHP","Francis",0.64,19,381,14.6,0.8,"net","Sweden","Europe","Motala","Motala-Strom",NA,58.5434,15.078
"47","Monten_1985_Motala_Exp_9","Monten (1985)","Motala Exp 9","Monten",1985,1,1,173.74,173.74,"vSHP","Kaplan",0.6,6,598,14.6,1.4,"net","Sweden","Europe","Motala","Motala-Strom",NA,58.5434,15.078
"48","Monten_1985_Gustavsberg","Monten (1985)","Gustavsberg","Monten",1985,1,1,1075.25,1075.25,"SHP","Kaplan",1.3,4,375,11.5,11,"net","Sweden","Europe","Gustavsberg","Kilaan",NA,56.95664,13.09703
"49","Monten_1985_Langgöl","Monten (1985)","Langgöl","Monten",1985,1,1,1173,1173,"SHP","Kaplan",1.3,4,375,11.5,12,"net","Sweden","Europe","Langgöl","Ronnebyan",NA,56.35127,15.24917
"50","Monten_1985_Karlsnäs","Monten (1985)","Karlsnäs","Monten",1985,1,1,663,663,"vSHP","Kaplan",1.6,4,250,6,13,"net","Sweden","Europe","Karlsnäs","Ronnebyan",NA,56.29664,15.28833
"51","Monten_1985_Emsfors","Monten (1985)","Emsfors","Monten",1985,1,1,1122,1122,"SHP","Kaplan",1.95,4,187,6,22,"net","Sweden","Europe","Emsfors","Helgean",NA,56.21013,14.09606
"52","Monten_1985_Nöbbelöv","Monten (1985)","Nöbbelöv","Monten",1985,1,1,1955,1955,"SHP","Kaplan",1.94,4,250,10,23,"net","Sweden","Europe","Nöbbelöv","Helgean",NA,56.23536,14.07506
"53","Monten_1985_Broby","Monten (1985)","Broby","Monten",1985,1,1,1759.5,1759.5,"SHP","Kaplan",2.06,4,250,9,23,"net","Sweden","Europe","Broby","Helgean",NA,56.26603,14.08347
"54","Monten_1985_Kvarnaholm","Monten (1985)","Kvarnaholm","Monten",1985,1,1,3187.5,3187.5,"SHP","Kaplan",3,4,150,7.5,50,"net","Sweden","Europe","Kvarnaholm","Lagan",NA,56.53844,13.71303
"55","Monten_1985_Ängabäck","Monten (1985)","Ängabäck","Monten",1985,1,1,3060,3060,"SHP","Kaplan",3.3,4,125,6,60,"net","Sweden","Europe","Ängabäck","Lagan",NA,56.49456,13.51041
"56","Wagner_2013_WKA_Lützschena","Wagner (2013c)","WKA Lützschena","Wagner",2013,2,2,52,52,"vSHP","Francis",2.4,31,NA,1.15,7,"net","Germany","Europe","Lützschena","Weiße Elster","7.5",51.37878,12.27962
"57","Fishtek_2008_Eelexperiment","Fishtek (2008)","Eelexperiment","Fishtek",2008,1,1,42,42,"vSHP","Screw",2.2,NA,29,4.5,1.1,"net","Great Britain","Europe","Ashburton","Dart","8.4",50.52081,-3.78835
"58","Fishtek_2008_Keltexperiment","Fishtek (2008)","Keltexperiment","Fishtek",2008,1,1,42,42,"vSHP","Screw",2.2,NA,29,4.5,1.1,"net","Great Britain","Europe","Ashburton","Dart","8.4",50.52081,-3.78835
"59","Hadderingh_1998_Haandrik","Hadderingh & Baker (1998)","Haandrik","Hadderingh",1998,1,1,100,100,"vSHP","Kaplan",1.6,4,150,2,7,"net","Netherlands","Europe","Haandrik","Vechte","13.8",52.62151,6.69451
"60","Hadderingh_1998_Linne_1990_30_m3/s","Hadderingh & Baker (1998)","Linne 1990 30 m3/s","Hadderingh",1998,4,1,2870,11480,"LHP","Kaplan",4,3,88.23,4,450,"net","Netherlands","Europe","Linne","Meuse","250",51.1675,5.92376
"61","Hadderingh_1998_Linne_1990_50_m3/s","Hadderingh & Baker (1998)","Linne 1990 50 m3/s","Hadderingh",1998,4,1,2870,11480,"LHP","Kaplan",4,3,88.23,4,450,"net","Netherlands","Europe","Linne","Meuse","250",51.1675,5.92376
"62","Hadderingh_1998_Linne_1990_100_m3/s","Hadderingh & Baker (1998)","Linne 1990 100 m3/s","Hadderingh",1998,4,1,2870,11480,"LHP","Kaplan",4,3,88.23,4,450,"net","Netherlands","Europe","Linne","Meuse","250",51.1675,5.92376
"63","Hadderingh_1998_Linne_1991_30_m3/s","Hadderingh & Baker (1998)","Linne 1991 30 m3/s","Hadderingh",1998,4,1,2870,11480,"LHP","Kaplan",4,3,88.23,4,450,"net","Netherlands","Europe","Linne","Meuse","250",51.1675,5.92376
"64","Hadderingh_1998_Linne_1991_50_m3/s","Hadderingh & Baker (1998)","Linne 1991 50 m3/s","Hadderingh",1998,4,1,2870,11480,"LHP","Kaplan",4,3,88.23,4,450,"net","Netherlands","Europe","Linne","Meuse","250",51.1675,5.92376
"65","Hadderingh_2002_Linne_1999","Hadderingh & Bruijs (2002)","Linne 1999","Hadderingh",2002,4,1,2870,11480,"LHP","Kaplan",4,3,88.23,4,450,"net","Netherlands","Europe","Linne","Meuse","250",51.1675,5.92376
"66","Bruijs_2003_Linne_1999_30_m3/s","Bruijs et al (2003)","Linne 1999 30 m3/s","Bruijs",2003,4,1,2870,11480,"LHP","Kaplan",4,3,88.23,4,450,"net","Netherlands","Europe","Linne","Meuse","250",51.1675,5.92376
"67","Bruijs_2003_Linne_1999_50_m3/s","Bruijs et al (2003)","Linne 1999 50 m3/s","Bruijs",2003,4,1,2870,11480,"LHP","Kaplan",4,3,88.23,4,450,"net","Netherlands","Europe","Linne","Meuse","250",51.1675,5.92376
"68","Bruijs_2003_Linne_2002_30_m3/s","Bruijs et al (2003)","Linne 2002 30 m³/s","Bruijs",2003,4,1,2870,11480,"LHP","Kaplan",4,3,88.23,4,450,"net","Netherlands","Europe","Linne","Meuse","250",51.1675,5.92376
"69","Bruijs_2003_Linne_2002_50_m3/s","Bruijs et al (2003)","Linne 2002 50 m3/s","Bruijs",2003,4,1,2870,11480,"LHP","Kaplan",4,3,88.23,4,450,"net","Netherlands","Europe","Linne","Meuse","250",51.1675,5.92376
"70","Bruijs_2003_Linne_1999_100_m3/s","Bruijs et al (2003)","Linne 1999 100 m3/s","Bruijs",2003,4,1,2870,11480,"LHP","Kaplan",4,3,88.23,4,450,"net","Netherlands","Europe","Linne","Meuse","250",51.1675,5.92376
"71","Janac_2013_Nove_Mlyny","Janac et al (2013)","Nove Mlyny","Janac",2013,2,1,2300,2500,"SHP","Kaplan",2.4,4,166.7,7,34,"net","Czech Republic","Europe","Nove Mlyny","Dyje","41",48.85812,16.72349
"72","Berg_1986","Berg (1986)","Berg (1986)","Berg",1986,1,1,3500,3500,"SHP","Kaplan",4.2,5,83.4,5.3,80,"net","Germany","Europe","Neckarzimmern","Neckar",NA,49.31572,9.13311
"73","Berg_1993","Berg (1993) in Ebel (2008)","Berg (1993)","Berg",1993,1,1,3500,3500,"SHP","Kaplan",4.2,5,83.4,5.3,80,"net","Germany","Europe","Neckarzimmern","Neckar",NA,49.31572,9.13311
"74","Berg_1987_30_m3/s","Berg (1987) in Ebel (2008)","Berg (1987) 30 m3/s","Berg",1987,3,NA,NA,2600,"SHP","Kaplan",2.41,4,142,3.77,NA,"net","Germany","Europe","Am letzten Heller","Werra",NA,51.40804,9.70974
"75","Berg_1987_17_m3/s","Berg (1987) in Ebel (2008)","Berg (1987) 17 m3/s","Berg",1987,3,NA,NA,2600,"SHP","Kaplan",2.41,4,142,3.77,NA,"net","Germany","Europe","Am letzten Heller","Werra",NA,51.40804,9.70974
"76","von_Raben_1955_Versuche_Berufsfischer","von Raben (1955)","Versuche Berufsfischer","von Raben",1955,2,2,3200,3200,"SHP","Kaplan",4.45,4,86.2,3.5,150,"net","Germany","Europe","Obernau","Main","160",49.93313,9.12882
"77","von_Raben_1955_Eigene_Untersuchung","von Raben (1955)","Raben Eigene Untersuchung","von Raben",1955,2,2,3200,3200,"SHP","Kaplan",4.45,4,86.2,3.5,150,"net","Germany","Europe","Obernau","Main","160",49.93313,9.12882
"78","Schneider_2012_Mainkraftwerk_Kostheim_natural_migration","Schneider et al. (2012)","Mainkraftwerk Kostheim natural migration","Schneider",2012,2,1,2480,4960,"SHP","Kaplan",3.71,3,85,3.76,160,"net","Germany","Europe","Kostheim","Main","210",50.00031,8.33493
"79","Schneider_2012_Mainkraftwerk_Kostheim_Salmon_experiment","Schneider et al. (2012)","Mainkraftwerk Kostheim Salmon experiment","Schneider",2012,2,1,2480,4960,"SHP","Kaplan",3.71,3,85,3.76,160,"net","Germany","Europe","Kostheim","Main","210",50.00031,8.33493
"80","Bochert_2004_WKA_Bobzin","Bochert et al. (2004)","WKA Bobzin","Bochert",2004,1,1,140,140,"vSHP","Kaplan",NA,4,550,7,3.3,"net","Germany","Europe","Bobzin","Müritz-Elde-Wasserstraße",NA,53.49211,12.07141
"81","Bochert_2004_WKA_Neubukow","Bochert et al. (2004)","WKA Neubukow","Bochert",2004,1,NA,NA,35,"vSHP","Francis",NA,NA,NA,4,NA,"net","Germany","Europe","Neubukow","Hellbach","0.96",54.03214,11.66796
"82","Bochert_2004_WKA_Schildfeld","Bochert et al. (2004)","WKA Schildfeld","Bochert",2004,1,NA,NA,44,"vSHP","Francis",NA,NA,NA,2.3,NA,"net","Germany","Europe","Schildfeld","Schilde","2.08",53.44231,10.90923
"83","Pinter_2009_Wasserkraftschnecke_Lunz","Pinter & Unfer (2009)","Wasserkraftschnecke Lunz","Pinter",2009,2,1,40,91,"vSHP","Screw",NA,NA,NA,2.6,4,"other","Austria","Europe","Lunz","Ybbs",NA,47.8599,15.02783
"84","Ballesteros_2001_Prianes_200rpm","Ballesteros & Vazquez (2001)","Prianes 200rpm","Ballesteros",2001,2,NA,NA,4000,"SHP","Kaplan",1.9,5,200,18.85,NA,"balloon","Spain","Europe","Prianes","Nora",NA,43.38275,-5.97492
"85","Ballesteros_2001_Prianes_300rpm_30qms","Ballesteros & Vazquez (2001)","Prianes 300rpm 30qms","Ballesteros",2001,1,NA,NA,10000,"LHP","Kaplan",3.1,5,300,18.85,NA,"balloon","Spain","Europe","Prianes","Nora",NA,43.38275,-5.97492
"86","Ballesteros_2001_Prianes_300rpm_60qms","Ballesteros & Vazquez (2001)","Prianes 300rpm 60qms","Ballesteros",2001,1,NA,NA,10000,"LHP","Kaplan",3.1,5,300,18.85,NA,"balloon","Spain","Europe","Prianes","Nora",NA,43.38275,-5.97492
"87","Ballesteros_2001_Valduno_25qms","Ballesteros & Vazquez (2001)","Valduno 25qms","Ballesteros",2001,2,NA,NA,2500,"SHP","Kaplan",3.16,4,122,3.8,NA,"balloon","Spain","Europe","Valduno","Nalon",NA,43.38892,-6.00272
"88","Ballesteros_2001_Valduno_50qms","Ballesteros & Vazquez (2001)","Valduno 50qms","Ballesteros",2001,2,NA,NA,2500,"SHP","Kaplan",3.16,4,122,3.8,NA,"balloon","Spain","Europe","Valduno","Nalon",NA,43.38892,-6.00272
"89","Ballesteros_2001_Puerto_11qms","Ballesteros & Vazquez (2001)","Puerto 11qms","Ballesteros",2001,1,NA,NA,1000,"SHP","Kaplan",1.7,4,275,8,NA,"balloon","Spain","Europe","Puerto","Nalon",NA,43.32403,-5.92842
"90","Ballesteros_2001_Puerto_8qms","Ballesteros & Vazquez (2001)","Puerto 8qms","Ballesteros",2001,1,NA,NA,500,"vSHP","Kaplan",1.6,4,332,8,NA,"balloon","Spain","Europe","Puerto","Nalon",NA,43.32403,-5.92842
"91","Ballesteros_2001_Olloniego","Ballesteros & Vazquez (2001)","Olloniego","Ballesteros",2001,1,NA,NA,750,"vSHP","Kaplan",2,4,340,8.75,NA,"balloon","Spain","Europe","Olloniego","Nalon",NA,43.30559,-5.83343
"92","Mueller_2020_Baiersdorf_natural_migration","Mueller et al. (2020a)","Baiersdorf natural migration","Mueller",2020,2,2,648,648,"vSHP","Kaplan",2,4,150,2.3,32,"net","Germany","Europe","Baiersdorf-Wellerstadt","Regnitz","34.8",49.67059,11.04235
"93","Mueller_2020_Baiersdorf_stocking","Mueller et al. (2020a)","Baiersdorf stocking","Mueller",2020,2,2,648,648,"vSHP","Kaplan",2,4,150,2.3,32,"net","Germany","Europe","Baiersdorf-Wellerstadt","Regnitz","34.8",49.67059,11.04235
"94","Mueller_2020_Lindesmühle_natural_migration","Mueller et al. (2020b)","Lindesmühle natural migration","Mueller",2020,1,1,270,270,"vSHP","Kaplan",1.5,3,212,2.81,10.8,"net","Germany","Europe","Bad Kissingen","Fränkische Saale","12.3",50.1879,10.07421
"95","Mueller_2020_Lindesmühle_stocking","Mueller et al. (2020b)","Lindesmühle stocking","Mueller",2020,1,1,270,270,"vSHP","Kaplan",1.5,3,212,2.81,10.8,"net","Germany","Europe","Bad Kissingen","Fränkische Saale","12.3",50.1879,10.07421
"96","Mueller_2020_Iller_natural_migration","Mueller et al. (2020c)","Iller natural migration","Mueller",2020,2,2,900,900,"vSHP","VLH",5,8,25.5,1.82,54,"net","Germany","Europe","Kempten/Au","Iller","46.6",47.68465,10.31972
"97","Mueller_2020_Iller_stocking_LF","Mueller et al. (2020c)","Iller stocking low flow","Mueller",2020,2,2,900,900,"vSHP","VLH",5,8,23.75,1.82,54,"net","Germany","Europe","Kempten/Au","Iller","46.6",47.68465,10.31972
"98","Mueller_2020_Iller_stocking_HF","Mueller et al. (2020c)","Iller stocking high flow","Mueller",2020,2,2,900,900,"vSHP","VLH",5,8,27,1.82,54,"net","Germany","Europe","Kempten/Au","Iller","46.6",47.68465,10.31972
"99","Mueller_2020_Heckerwehr_natural_migration","Mueller et al. (2020d)","Heckerwehr natural migration","Mueller",2020,1,1,80,80,"vSHP","Screw",3.2,NA,13,2.53,5,"net","Germany","Europe","Heckerwehr","Roth","3.17",49.23298,11.12304
"100","Mueller_2020_Heckerwehr_stocking_LF","Mueller et al. (2020d)","Heckerwehr stocking low flow","Mueller",2020,1,1,80,80,"vSHP","Screw",3.2,NA,7.8,2.53,5,"net","Germany","Europe","Heckerwehr","Roth","3.17",49.23298,11.12304
"101","Mueller_2020_Heckerwehr_stocking_HF","Mueller et al. (2020d)","Heckerwehr stocking high flow","Mueller",2020,1,1,80,80,"vSHP","Screw",3.2,NA,18.75,2.53,5,"net","Germany","Europe","Heckerwehr","Roth","3.17",49.23298,11.12304
"102","Mueller_2020_Eixendorf_stocking_LF","Mueller et al. (2020e)","Eixendorf stocking low flow","Mueller",2020,1,1,190,190,"vSHP","Kaplan",1,4,333,5,4.5,"net","Germany","Europe","Eixendorf","Schwarzach","4.32",49.33973,12.47965
"103","Mueller_2020_Eixendorf_stocking_HF","Mueller et al. (2020e)","Eixendorf stocking high flow","Mueller",2020,1,1,190,190,"vSHP","Kaplan",1,4,333,5,4.5,"net","Germany","Europe","Eixendorf","Schwarzach","4.32",49.33973,12.47965
"104","Mueller_2020_Baierbrunn_natural_migration","Mueller et al. (2020f)","Baierbrunn natural migration","Mueller",2020,1,1,450,450,"vSHP","VLH",3.55,8,49.1,4,14.5,"net","Germany","Europe","Baierbrunn","Isar","63.8",48.02684,11.5021
"105","Mueller_2020_Baierbrunn_stocking_LF","Mueller et al. (2020f)","Baierbrunn stocking LF","Mueller",2020,1,1,450,450,"vSHP","VLH",3.55,8,42.35,4,14.5,"net","Germany","Europe","Baierbrunn","Isar","63.8",48.02684,11.5021
"106","Mueller_2020_Baierbrunn_stocking_HF","Mueller et al. (2020f)","Baierbrunn stocking HF","Mueller",2020,1,1,450,450,"vSHP","VLH",3.55,8,53.5,4,14.5,"net","Germany","Europe","Baierbrunn","Isar","63.8",48.02684,11.5021
"107","Mueller_2020_Höllthal_natural_migration_Kaplan","Mueller et al. (2020g)","Höllthal natural migration Kaplan","Mueller",2020,1,1,265,571,"vSHP","Kaplan",2.5,4,100,2,36,"net","Germany","Europe","Höllthal","Alz","51.5",47.97806,12.50275
"108","Mueller_2020_Höllthal_natural_migration_screws","Mueller et al. (2020g)","Höllthal natural migration screws","Mueller",2020,2,2,306,571,"vSHP","Screw",4.3,NA,14,2,36,"net","Germany","Europe","Höllthal","Alz","51.5",47.97806,12.50275
"109","Mueller_2020_Höllthal_stocking_Kaplan_LF","Mueller et al. (2020g)","Höllthal stocking Kaplan low flow","Mueller",2020,1,1,265,571,"vSHP","Kaplan",2.5,4,100,2,36,"net","Germany","Europe","Höllthal","Alz","51.5",47.97806,12.50275
"110","Mueller_2020_Höllthal_stocking_screws_LF","Mueller et al. (2020g)","Höllthal stocking screws low flow","Mueller",2020,2,2,306,571,"vSHP","Screw",4.3,NA,10,2,36,"net","Germany","Europe","Höllthal","Alz","51.5",47.97806,12.50275
"111","Mueller_2020_Höllthal_stocking_Kaplan_HF","Mueller et al. (2020g)","Höllthal stocking Kaplan high flow","Mueller",2020,1,1,265,571,"vSHP","Kaplan",2.5,4,100,2,36,"net","Germany","Europe","Höllthal","Alz","51.5",47.97806,12.50275
"112","Mueller_2020_Höllthal_stocking_screws_HF","Mueller et al. (2020g)","Höllthal stocking screws high flow","Mueller",2020,2,2,306,571,"vSHP","Screw",4.3,NA,18.35,2,36,"net","Germany","Europe","Höllthal","Alz","51.5",47.97806,12.50275
"113","Bell_1985_Hadley_Falls_AdShad","Bell & Kynard (1985)","Hadley Falls AdShad","Bell",1985,2,1,17000,30000,"LHP","Kaplan",4.318,5,255,15.5,127.4,"telemetry","US","North America","Hadley Falls","Connecticut River",NA,42.2134805897858,-72.6019971222975
"114","Stier_1986_Hadley_Falls_Salmon_1981","Stier & Kynard (1986)","Hadley Falls Salmon 1981","Stier",1986,2,1,17000,30000,"LHP","Kaplan",4.318,5,255,15.5,127.4,"telemetry","US","North America","Hadley Falls","Connecticut River",NA,42.2134805897858,-72.6019971222975
"115","Stier_1986_Hadley_Falls_Salmon_1982","Stier & Kynard (1986)","Hadley Falls Salmon 1982","Stier",1986,2,1,17000,30000,"LHP","Kaplan",4.318,5,255,15.5,127.4,"telemetry","US","North America","Hadley Falls","Connecticut River",NA,42.2134805897858,-72.6019971222975
"116","Ammar_2020_Andenne_HPP","Ammar et al. (2020)","Andenne HPP","Ammar",2020,3,1,2000,7050,"SHP","Kaplan",NA,4,176.5,5.35,NA,"net","Belgium","Europe","Andenne","Meuse",NA,50.4927568194819,5.07015686316242
"117","Brackley_2018_Craigpot_screw","Brackley et al. (2018)","Craigpot_screw","Brackley",2018,1,1,60,60,"vSHP","Screw",2.9,NA,26,2.2,NA,"net","Great Britain","Europe","Keig","River Don",NA,57.2578973,-2.6203623
"118","Calles_2009_HEP3_Francis","Calles & Greenberg (2009)","HEP3_Francis","Calles",2009,2,2,600,600,"vSHP","Francis",0.8,16,250,5.5,14,"telemetry","Sweden","Europe","Finsjö","Eman",NA,57.1535220805891,16.2318495883095
"119","Calles_2009_HEP2_Kaplan","Calles & Greenberg (2009)","HEP2_Kaplan","Calles",2009,1,1,2150,2150,"SHP","Kaplan",2.1,4,333,8.7,28,"telemetry","Sweden","Europe","Finsjö","Eman",NA,57.1482282373214,16.2408538711834
"120","Dedual_2007_Hb_dam","Dedual (2007)","Hb_dam","Dedual",2007,1,1,1350,1350,"SHP","Francis",1.13,15,380,22.6,NA,"net","New Zealand","Oceania","Hatepe","Hinemaiaia River",NA,-38.869372914917,176.052863807377
"121","DuBois_1993_Colliersville_Dam","DuBois & Gloss (1993)","Colliersville Dam","DuBois",1993,2,2,1500,1500,"SHP","Cross-flow",1.125,NA,120,9.75,20,"net","US","North America","Colliersville","Susquehanna River",NA,42.5027995733296,-74.9838169915449
"122","Gloss_1983_Colliersville_Dam_650kW","Gloss and Wahl (1982)","Colliersville Dam 650kW","Gloss",1982,2,1,650,1500,"SHP","Cross-flow",1,NA,135,9.75,20,"net","US","North America","Colliersville","Susquehanna River",NA,42.5027995733296,-74.9838169915449
"123","Gloss_1983_Colliersville_Dam_850kW","Gloss and Wahl (1982)","Colliersville Dam 850kW","Gloss",1982,2,1,850,1500,"SHP","Cross-flow",1.25,NA,104,9.75,20,"net","US","North America","Colliersville","Susquehanna River",NA,42.5027995733296,-74.9838169915449
"124","Calles_2012_Herting","Calles et al. (2012)","Herting","Calles",2012,3,3,2928,2928,"SHP","Kaplan",NA,NA,208,5.3,65,"telemetry","Sweden","Europe","Herting","Ätran",NA,56.9003502842821,12.5193421946077
"125","Calles_2010_Ätrafors","Calles et al. (2010)","Ätrafors","Calles",2010,3,3,13000,13000,"LHP","Francis",NA,NA,NA,23.5,72,"telemetry","Sweden","Europe","Ätrafors","Ätran",NA,57.0337863156609,12.6639466721804
"126","Carr_2008_StGeorge","Carr & Whoriskey (2008)","Magaguadavic","Carr",2008,2,2,15000,15000,"LHP","Kaplan",NA,NA,NA,13.4,NA,"telemetry","Canada","North America","St George","Magaguadavic",NA,45.1283221495023,-66.8282142224145
"127","Cramer_1964_Cushman1960_Gate40","Cramer & Oligher (1964)","Cushman 1960 Gate40","Cramer",1964,3,1,27581,81000,"LHP","Francis",2.11,NA,300,137.2,68.1,"net","US","North America","Tacoma","North Fork Skokomish River",NA,47.3697047180692,-123.159955061349
"128","Cramer_1964_Cushman1960_Gate65","Cramer & Oligher (1964)","Cushman 1960 Gate65","Cramer",1964,3,1,27581,81000,"LHP","Francis",2.11,NA,300,137.2,68.1,"net","US","North America","Tacoma","North Fork Skokomish River",NA,47.3697047180692,-122.159955061349
"129","Cramer_1964_Cushman1960_Gate80","Cramer & Oligher (1964)","Cushman 1960 Gate80","Cramer",1964,3,1,27581,81000,"LHP","Francis",2.11,NA,300,137.2,68.1,"net","US","North America","Tacoma","North Fork Skokomish River",NA,47.3697047180692,-121.159955061349
"130","Cramer_1964_Cushman1960_Gate100","Cramer & Oligher (1964)","Cushman 1960 Gate100","Cramer",1964,3,1,27581,81000,"LHP","Francis",2.11,NA,300,137.2,68.1,"net","US","North America","Tacoma","North Fork Skokomish River",NA,47.3697047180692,-120.159955061349
"131","Cramer_1964_Cushman1961_Gate40","Cramer & Oligher (1964)","Cushman 1961 Gate40","Cramer",1964,3,1,27581,81000,"LHP","Francis",2.11,NA,300,137.2,68.1,"net","US","North America","Tacoma","North Fork Skokomish River",NA,47.3697047180692,-119.159955061349
"132","Cramer_1964_Cushman1961_Gate50","Cramer & Oligher (1964)","Cushman 1961 Gate50","Cramer",1964,3,1,27581,81000,"LHP","Francis",2.11,NA,300,137.2,68.1,"net","US","North America","Tacoma","North Fork Skokomish River",NA,47.3697047180692,-118.159955061349
"133","Cramer_1964_Cushman1961_Gate60","Cramer & Oligher (1964)","Cushman 1961 Gate60","Cramer",1964,3,1,27581,81000,"LHP","Francis",2.11,NA,300,137.2,68.1,"net","US","North America","Tacoma","North Fork Skokomish River",NA,47.3697047180692,-117.159955061349
"134","Cramer_1964_Cushman1961_Gate68","Cramer & Oligher (1964)","Cushman 1961 Gate68","Cramer",1964,3,1,27581,81000,"LHP","Francis",2.11,NA,300,137.2,68.1,"net","US","North America","Tacoma","North Fork Skokomish River",NA,47.3697047180692,-116.159955061349
"135","Cramer_1964_Cushman1961_Gate76","Cramer & Oligher (1964)","Cushman 1961 Gate76","Cramer",1964,3,1,27581,81000,"LHP","Francis",2.11,NA,300,137.2,68.1,"net","US","North America","Tacoma","North Fork Skokomish River",NA,47.3697047180692,-115.159955061349
"136","Cramer_1964_Cushman1961_Gate84","Cramer & Oligher (1964)","Cushman 1961 Gate84","Cramer",1964,3,1,27581,81000,"LHP","Francis",2.11,NA,300,137.2,68.1,"net","US","North America","Tacoma","North Fork Skokomish River",NA,47.3697047180692,-114.159955061349
"137","Cramer_1964_Cushman1961_Gate90","Cramer & Oligher (1964)","Cushman 1961 Gate90","Cramer",1964,3,1,27581,81000,"LHP","Francis",2.11,NA,300,137.2,68.1,"net","US","North America","Tacoma","North Fork Skokomish River",NA,47.3697047180692,-113.159955061349
"138","Cramer_1964_Cushman1961_Gate100","Cramer & Oligher (1964)","Cushman 1961 Gate100","Cramer",1964,3,1,27581,81000,"LHP","Francis",2.11,NA,300,137.2,68.1,"net","US","North America","Tacoma","North Fork Skokomish River",NA,47.3697047180692,-112.159955061349
"139","Cramer_1964_Shasta_January_Gate41","Cramer & Oligher (1964)","Shasta January Gate41","Cramer",1964,5,1,75756,379000,"LHP","Francis",4.67,NA,138.5,100.6,NA,"net","US","North America","Shasta lake","Sacramento River",NA,40.718445683143,-122.419045751183
"140","Cramer_1964_Shasta_January_Gate50","Cramer & Oligher (1964)","Shasta January Gate50","Cramer",1964,5,1,75756,379000,"LHP","Francis",4.67,NA,138.5,100.6,NA,"net","US","North America","Shasta lake","Sacramento River",NA,40.718445683143,-122.419045751183
"141","Cramer_1964_Shasta_January_Gate55","Cramer & Oligher (1964)","Shasta January Gate55","Cramer",1964,5,1,75756,379000,"LHP","Francis",4.67,NA,138.5,100.6,NA,"net","US","North America","Shasta lake","Sacramento River",NA,40.718445683143,-122.419045751183
"142","Cramer_1964_Shasta_January_Gate60","Cramer & Oligher (1964)","Shasta January Gate60","Cramer",1964,5,1,75756,379000,"LHP","Francis",4.67,NA,138.5,100.6,NA,"net","US","North America","Shasta lake","Sacramento River",NA,40.718445683143,-122.419045751183
"143","Cramer_1964_Shasta_January_Gate65","Cramer & Oligher (1964)","Shasta January Gate65","Cramer",1964,5,1,75756,379000,"LHP","Francis",4.67,NA,138.5,100.6,NA,"net","US","North America","Shasta lake","Sacramento River",NA,40.718445683143,-122.419045751183
"144","Cramer_1964_Shasta_November_Gate40","Cramer & Oligher (1964)","Shasta November Gate40","Cramer",1964,5,1,75756,379000,"LHP","Francis",4.67,NA,138.5,100.6,NA,"net","US","North America","Shasta lake","Sacramento River",NA,40.718445683143,-122.419045751183
"145","Cramer_1964_Shasta_November_Gate50","Cramer & Oligher (1964)","Shasta November Gate50","Cramer",1964,5,1,75756,379000,"LHP","Francis",4.67,NA,138.5,100.6,NA,"net","US","North America","Shasta lake","Sacramento River",NA,40.718445683143,-122.419045751183
"146","Cramer_1964_Shasta_November_Gate55","Cramer & Oligher (1964)","Shasta November Gate55","Cramer",1964,5,1,75756,379000,"LHP","Francis",4.67,NA,138.5,100.6,NA,"net","US","North America","Shasta lake","Sacramento River",NA,40.718445683143,-122.419045751183
"147","Cramer_1964_Shasta_November_Gate61","Cramer & Oligher (1964)","Shasta November Gate61","Cramer",1964,5,1,75756,379000,"LHP","Francis",4.67,NA,138.5,100.6,NA,"net","US","North America","Shasta lake","Sacramento River",NA,40.718445683143,-122.419045751183
"148","Dainys_2017_Bagdononys","Dainys et al. (2017)","Bagdononys","Dainys",2017,1,1,90,90,"vSHP","Cross-flow",NA,NA,NA,10.9,NA,"other","Lithuania","Europe","Bagdononys","Streva","0.8",54.6222245161192,24.7041124305893
"149","Dainys_2017_Valtunai","Dainys et al. (2017)","Valtunai","Dainys",2017,1,1,170,170,"vSHP","Kaplan",NA,NA,NA,3.8,NA,"other","Lithuania","Europe","Valtunai","Siesartis","5",55.2865476884107,24.9359106667046
"150","Dainys_2017_Kaunas","Dainys et al. (2017)","Kaunas","Dainys",2017,4,4,101000,101000,"LHP","Kaplan",NA,NA,NA,15,760,"telemetry","Lithuania","Europe","Kaunas","Nemunas","375",54.8742272456792,24.0001152818215
"151","Gibson_2002_Annapolis","Gibson & Myers (2002)","Annapolis","Gibson",2002,1,1,17800,17800,"LHP","Kaplan",7.6,4,50,5.5,408,"net","US","North America","Annapolis","Annapolis River","408",44.7533823304258,-65.5128886350638
"152","Kärgenberg_2020_Sillaoru","Kärgenberg et al. (2020)","Sillaoru","Kärgenberg",2020,2,2,527,527,"vSHP","Kaplan",1,4,406.5,8.4,8,"other","Estonia","Europe","Sillaoru","Purtse",NA,59.4023936520514,27.0136490971874
"153","Nyqvist_2017_Edsforsen","Nyqvist et al. (2017)","Edsforsen","Nyqvist",2017,2,2,9000,9000,"SHP","Kaplan",NA,NA,NA,7,190,"telemetry","Sweden","Europe","Edsforsen","Klarälven",NA,60.0652302381236,13.5258109626232
"154","Piper_2018_Flatford_Mill","Piper et al. (2018)","Flatford Mill","Piper",2018,1,1,11,11,"vSHP","Screw",2,NA,NA,NA,NA,"telemetry","Great Britain","Europe","Flatford Mill","River Stour","3.5",51.9586848214402,1.02149779699505
"155","Eyler_2016_Newport","Eyler et al. (2016)","Newport","Eyler",2016,3,3,1400,1400,"SHP","Francis",NA,NA,NA,5.1,21.5,"telemetry","US","North America","Newport","Shenandoah River",NA,38.5713776300053,-78.5933128558045
"156","Eyler_2016_Luray","Eyler et al. (2016)","Luray","Eyler",2016,3,3,1600,1600,"SHP","Francis",NA,NA,NA,6.4,41.8,"telemetry","US","North America","Luray","Shenandoah River",NA,38.6769153618471,-78.4992038296254
"157","Eyler_2016_Warren","Eyler et al. (2016)","Warren","Eyler",2016,3,3,750,750,"vSHP","Francis",NA,NA,NA,4.3,26.2,"telemetry","US","North America","Warren","Shenandoah River",NA,38.9549800145829,-78.1490183285836
"158","Eyler_2016_Millwille","Eyler et al. (2016)","Millwille","Eyler",2016,3,3,2840,2840,"SHP","Francis",NA,NA,NA,5,62.9,"telemetry","US","North America","Millwille","Shenandoah River",NA,39.2688794810535,-77.7835313640067
"159","Havn_2017_Kuhlemühle_Francis","Havn et al. (2017)","Kuhlemühle","Havn",2017,3,2,125,225,"vSHP","Francis",NA,NA,90,2.6,NA,"telemetry","Germany","Europe","Kuhlemühle","Diemel","10.63",51.4856586787055,9.19176314464971
"160","Havn_2017_Kuhlemühle_Screw","Havn et al. (2017)","Kuhlemühle","Havn",2017,3,1,100,225,"vSHP","Screw",3.4,NA,18,2.6,NA,"telemetry","Germany","Europe","Kuhlemühle","Diemel","10.63",51.4856586787055,9.19176314464971
"161","Tuononen_2020_PITstudy","Tuononen et al. (2020)","PITstudy","Tuononen",2020,3,1,550,1600,"SHP","VLH",4,8,NA,3.8,NA,"balloon","Canada","North America","Wasdell Falls","Severn River",NA,44.7809936733907,-79.2934743671288
"162","Tuononen_2020_Telemetrystudy","Tuononen et al. (2020)","Telemetrystudy","Tuononen",2020,3,1,550,1600,"SHP","VLH",4,8,NA,3.8,NA,"telemetry","Canada","North America","Wasdell Falls","Severn River",NA,44.7809936733907,-79.2934743671288
"163","Winter_2006_HPS1","Winter et al. (2006)","HPS1","Winter",2006,4,4,11480,11480,"LHP","Kaplan",4,3,88.23,4,450,"telemetry","Netherlands","Europe","Linne","Meuse","250",51.1675,5.92376
"164","Winter_2006_HPS2","Winter et al. (2006)","HPS2","Winter",2006,4,4,10000,10000,"LHP","Kaplan",NA,NA,NA,NA,NA,"telemetry","Netherlands","Europe","Lith","Meuse",NA,51.8110744796612,5.45362260494991
"165","Pauwels_2020_Ham_Low","Pauwels et al. (2020)","Ham Low","Pauwels",2020,3,1,400,1200,"SHP","Screw",3,NA,13.71,10,15,"net","Belgium","Europe","Ham","Albert Canal",NA,51.0974499257996,5.10558254862802
"166","Pauwels_2020_Ham_Medium","Pauwels et al. (2020)","Ham Medium","Pauwels",2020,3,1,400,1200,"SHP","Screw",3,NA,16.62,10,15,"net","Belgium","Europe","Ham","Albert Canal",NA,51.0974499257996,5.10558254862802
"167","Pauwels_2020_Ham_High","Pauwels et al. (2020)","Ham High","Pauwels",2020,3,1,400,1200,"SHP","Screw",3,NA,19.95,10,15,"net","Belgium","Europe","Ham","Albert Canal",NA,51.0974499257996,5.10558254862802
"168","Vowles_2014_HPM_Iskar","Vowles et al. (2014)","HPM Iskar","Vowles",2014,1,1,10,10,"vSHP","Other",2.4,10,NA,NA,NA,"net","Bulgaria","Europe","Mechkata","Iskar",NA,42.4306164506686,23.5316875735715
"169","Vikström_2020_Stornorrforsen_Francis","Vikström et al. (2020)","Stornorrfors_Francis","Vikström",2020,4,4,6e+05,6e+05,"LHP","Francis",4.75,16,132.5,75,1000,"telemetry","Sweden","Europe","Stornorrforsen","Umeälven",NA,63.853114696432,20.0499364209077
"170","Vikström_2020_Lanforsen_Kaplan","Vikström et al. (2020)","Lanforsen_Kaplan","Vikström",2020,4,4,39000,39000,"LHP","Kaplan",4.98,4,93.8,10,620,"telemetry","Sweden","Europe","Lanforsen","Dalälven",NA,60.5306878125244,17.4157778
"171","Mathur_2001_Test1","Mathur et al. (2001)","Test 1","Mathur",2001,6,1,135000,810000,"LHP","Kaplan",7.9,6,90,29.7,3590,"balloon","US","North America","Lower Granite Dam","Snake River",NA,46.6595564128902,-117.429357832263
"172","Mathur_2001_Test2","Mathur et al. (2001)","Test 2","Mathur",2001,6,1,135000,810000,"LHP","Kaplan",7.9,6,90,29.7,3590,"balloon","US","North America","Lower Granite Dam","Snake River",NA,46.6595564128902,-117.429357832263
"173","Mathur_2001_Test3","Mathur et al. (2001)","Test 3","Mathur",2001,6,1,135000,810000,"LHP","Kaplan",7.9,6,90,29.7,3590,"balloon","US","North America","Lower Granite Dam","Snake River",NA,46.6595564128902,-117.429357832263
"174","Mathur_2001_Test4","Mathur et al. (2001)","Test 4","Mathur",2001,6,1,135000,810000,"LHP","Kaplan",7.9,6,90,29.7,3590,"balloon","US","North America","Lower Granite Dam","Snake River",NA,46.6595564128902,-117.429357832263
"175","Mathur_2001_Test5","Mathur et al. (2001)","Test 5","Mathur",2001,6,1,135000,810000,"LHP","Kaplan",7.9,6,90,29.7,3590,"balloon","US","North America","Lower Granite Dam","Snake River",NA,46.6595564128902,-117.429357832263
"176","Mathur_2001_Test6","Mathur et al. (2001)","Test 6","Mathur",2001,6,1,135000,810000,"LHP","Kaplan",7.9,6,90,29.7,3590,"balloon","US","North America","Lower Granite Dam","Snake River",NA,46.6595564128902,-117.429357832263
"177","Mathur_1994_Hadley_Falls_35","Mathur et al. (1994)","Hadley Falls 35","Mathur",1994,1,1,17000,30000,"LHP","Kaplan",4.318,5,128,16,44,"balloon","US","North America","Hadley Falls","Connecticut River",NA,42.2134805897858,-72.6019971222975
"178","Mathur_1994_Hadley_Falls_100","Mathur et al. (1994)","Hadley Falls 100","Mathur",1994,1,1,17000,30000,"LHP","Kaplan",4.318,5,128,16,117,"balloon","US","North America","Hadley Falls","Connecticut River",NA,42.2134805897858,-72.6019971222975
"179","Mathur_1996_Rocky_Reach_Dam_3m","Mathur et al. (1996)","Rocky Reach Dam 3m","Mathur",1996,11,1,116000,1300000,"LHP","Kaplan",7.1,6,90,30,6125,"balloon","US","North America","Rocky Reach Dam","Columbia River",NA,47.5323660736623,-120.297267057624
"180","Mathur_1996_Rocky_Reach_Dam_9m","Mathur et al. (1996)","Rocky Reach Dam 9m","Mathur",1996,11,1,116000,1300000,"LHP","Kaplan",7.1,6,90,30,6125,"balloon","US","North America","Rocky Reach Dam","Columbia River",NA,47.5323660736623,-120.297267057624
"181","Heisey_1992_SafeHarbor_Kaplan","Heisey et al. (1992)","Safe Harbor","Heisey",1992,12,1,33000,417000,"LHP","Kaplan",5.6,5,109,23,3143,"balloon","US","North America","Safe Harbor","Susquehanna River",NA,39.9241850674461,-76.3898117955209
"182","Heisey_1992_SafeHarbor_MixedFlowVented","Heisey et al. (1992)","Safe Harbor","Heisey",1992,12,1,37500,417000,"LHP","Other",6.1,7,77,23,3143,"balloon","US","North America","Safe Harbor","Susquehanna River",NA,39.9241850674461,-76.3898117955209
"183","Heisey_1992_SafeHarbor_MixedFlowUnvented","Heisey et al. (1992)","Safe Harbor","Heisey",1992,12,1,37500,417000,"LHP","Other",6.1,7,77,23,3143,"balloon","US","North America","Safe Harbor","Susquehanna River",NA,39.9241850674461,-76.3898117955209
"184","Schoeneman_1961_McNary_1955_80","Schoeneman et al. (1961)","McNary 1955 80","Schoeneman",1961,14,1,70000,980000,"LHP","Kaplan",7.11,6,85.7,26.7,4247.5,"net","US","North America","McNary","Columbia River","5409",45.9358828027699,-119.298012157776
"185","Schoeneman_1961_McNary_1956_75","Schoeneman et al. (1961)","McNary 1956 75","Schoeneman",1961,14,1,70000,980000,"LHP","Kaplan",7.11,6,85.7,26.7,4247.5,"net","US","North America","McNary","Columbia River","5409",45.9358828027699,-119.298012157776
"186","Schoeneman_1961_BigCliff_1957_80","Schoeneman et al. (1961)","Big Cliff 1957 80","Schoeneman",1961,1,1,19761,19761,"LHP","Kaplan",3.68,6,163.6,27.4,106.2,"net","US","North America","Big Cliff","Santiam River",NA,44.7508755824577,-122.283112344305
"187","Schoeneman_1961_BigCliff_1957_40","Schoeneman et al. (1961)","Big Cliff 1957 40","Schoeneman",1961,1,1,19761,19761,"LHP","Kaplan",3.68,6,163.6,27.4,106.2,"net","US","North America","Big Cliff","Santiam River",NA,44.7508755824577,-122.283112344305
"188","Duncan_2011_Detroit_Dam","Duncan & Carlson (2011)","Detroit Dam","Duncan",2011,2,1,50000,1e+05,"LHP","Francis",3.3,13,163.6,61,151.2,"balloon","US","North America","Detroit Dam","Santiam River",NA,44.7215218272408,-122.250432809051
"189","Ferguson_2006_McNary_2002_317","Ferguson et al. (2006)","McNary 2002 317","Ferguson",2006,14,1,70000,980000,"LHP","Kaplan",7.11,6,85.7,22,6570,"telemetry","US","North America","McNary","Columbia River","5409",45.9358828027699,-119.298012157776
"190","Ferguson_2006_McNary_2002_464","Ferguson et al. (2006)","McNary 2002 464","Ferguson",2006,14,1,70000,980000,"LHP","Kaplan",7.11,6,85.7,22,6570,"telemetry","US","North America","McNary","Columbia River","5409",45.9358828027699,-119.298012157776
"191","Turnpenny_2000_Francis_wild","Turnpenny et al. (2000)","Francis wild","Turnpenny",2000,1,1,117.3,117.3,"vSHP","Francis",0.9,NA,200,6.9,NA,"net","Great Britain","Europe","Unkown","Unkown",NA,NA,NA
"192","Heisey_2019_Beaucaire","Heisey et al. (2019)","Beaucaire","Heisey",2019,NA,1,42166.8,210000,"LHP","Kaplan",6.3,4,94,15.9,NA,"balloon","France","Europe","Beaucaire","Rhone",NA,43.8240787995553,4.642950142683
"193","Heisey_2019_Fessenheim","Heisey et al. (2019)","Fessenheim","Heisey",2020,4,1,45000,180000,"LHP","Kaplan",6.5,4,88.2,14.5,NA,"balloon","France","Europe","Fessenheim","Rhine",NA,47.9146935827614,7.57075745384436
"194","Heisey_2019_Ottmarsheim","Heisey et al. (2019)","Ottmarsheim","Heisey",2021,4,1,40000,160000,"LHP","Kaplan",6.3,5,93.75,16.1,1500,"balloon","France","Europe","Ottmarsheim","Rhine",NA,47.7739309660992,7.52231383023699
"195","Heisey_2019_Moses_Saunders","Heisey et al. (2019)","Moses Saunders","Heisey",2022,32,1,57000,1957000,"LHP","Kaplan",6.2,6,99.2,16.5,NA,"balloon","US","North America","Moses Saunders","St. Lawrence River",NA,45.0070098085597,-74.7943591822153
"196","Heisey_2019_Wilder","Heisey et al. (2019)","Wilder","Heisey",2023,3,1,19000,35600,"LHP","Kaplan",4.6,5,112.5,25.2,4463,"balloon","US","North America","Wilder","Connecticut River",NA,43.6672422584801,-72.3034112968662
"197","Heisey_2019_Vernon_8_28","Heisey et al. (2019)","Vernon 8 28","Heisey",2024,10,1,4000,32400,"LHP","Kaplan",3.1,5,144,10.5,3392,"balloon","US","North America","Vernon","Connecticut River",NA,42.771476497578,-72.5141515620161
"198","Heisey_2019_Vernon_8_48","Heisey et al. (2019)","Vernon 8 48","Heisey",2025,10,1,4000,32400,"LHP","Kaplan",3.1,5,144,10.5,3392,"balloon","US","North America","Vernon","Connecticut River",NA,42.771476497578,-72.5141515620161
"199","Heisey_2019_Bellows_Falls","Heisey et al. (2019)","Bellows Falls","Heisey",2026,3,1,16000,40800,"LHP","Francis",4.5,15,85.7,17.5,3392,"balloon","US","North America","Bellows Falls","Connecticut River",NA,43.1332547489988,-72.4418902634912
"200","Heisey_2019_Cabot_Station","Heisey et al. (2019)","Cabot Station","Heisey",2027,6,1,10336,62000,"LHP","Francis",3,15,97.3,17.5,NA,"balloon","US","North America","Cabot Station","Connecticut River",NA,42.6058634969799,-72.5649032563939
"201","Heisey_2019_Station_1","Heisey et al. (2019)","Station 1","Heisey",2028,1,1,5693,5693,"SHP","Francis",1.4,13,200,13.4,NA,"balloon","US","North America","Station 1","Connecticut River",NA,42.5876387123195,-72.5791669821103
"202","Heisey_2019_Vernon_4","Heisey et al. (2019)","Vernon 4","Heisey",2029,10,1,2500,32400,"LHP","Francis",2.8,13,75,13.5,3392,"balloon","US","North America","Vernon","Connecticut River",NA,42.771476497578,-72.5141515620161
"203","Heisey_2019_Vernon_9","Heisey et al. (2019)","Vernon 9","Heisey",2030,10,1,4200,32400,"LHP","Francis",2.8,12,62.5,10.5,3392,"balloon","US","North America","Vernon","Connecticut River",NA,42.771476497578,-72.5141515620161
"204","Scruton_2007_Studies2003","Scruton et al. (2007)","Studies2003","Scruton",2007,9,9,20500,20500,"LHP","Francis",2,7,265,10.2,295,"telemetry","Canada","North America","Bishop’s Falls","Exploits River","290",49.014811954089,-55.4717409311452
"205","Scruton_2007_Studies2004","Scruton et al. (2007)","Studies2004","Scruton",2007,9,9,20500,20500,"LHP","Francis",2,7,265,10.2,295,"telemetry","Canada","North America","Bishop’s Falls","Exploits River","290",49.014811954089,-55.4717409311452
"206","Scruton_2004_BishopsFalls2001","Scruton et al. (2001)","BishopsFalls 2001","Scruton",2004,9,9,14400,14400,"LHP","Francis",2,7,241,10.2,200,"telemetry","Canada","North America","Bishop’s Falls","Exploits River","290",49.014811954089,-55.4717409311452
"207","Dadswell_1986_HogansMelvin_1985","Dadswell et al. (1986)","HogansMelvin 1985","Dadswell",1986,1,1,17800,17800,"LHP","Kaplan",7.6,4,50,5.5,408,"telemetry","US","North America","Annapolis","Annapolis River","408",44.7533823304258,-65.5128886350638
"208","Stokesbury_1986_AnnapolisShads","Stokesbury (1986)","Annapolis Shads","Stokesbury",1986,1,1,17800,17800,"LHP","Kaplan",7.6,4,50,5.5,408,"net","US","North America","Annapolis","Annapolis River","408",44.7533823304258,-65.5128886350638
"209","Kynard_1982_JuvShads_16MW","Kynard et al. (1982)","Juv Shads 16MW","Kynard",1982,2,1,17000,30000,"LHP","Kaplan",4.318,5,255,15.5,127.4,"net","US","North America","Hadley Falls","Connecticut River",NA,42.2134805897858,-72.6019971222975
"210","Kynard_1982_JuvShads_12MW","Kynard et al. (1982)","Juv Shads 12MW","Kynard",1982,2,1,17000,30000,"LHP","Kaplan",4.318,5,255,15.5,127.4,"net","US","North America","Hadley Falls","Connecticut River",NA,42.2134805897858,-72.6019971222975
"211","Kynard_1982_JuvShads_5MW","Kynard et al. (1982)","Juv Shads 5MW","Kynard",1982,2,1,17000,30000,"LHP","Kaplan",4.318,5,255,15.5,127.4,"net","US","North America","Hadley Falls","Connecticut River",NA,42.2134805897858,-72.6019971222975
"212","Knight_1982_Essex_dam","Knight & Kuzmeskus (1982)","Essex dam","Knight",1982,2,1,7800,15600,"LHP","Kaplan",3.66,3,128.6,8.84,254.8,"telemetry","US","North America","Lawrence","Merrimack River",NA,42.7003147128905,-71.1660192441243
"213","Andrew_1958_Seton","Andrew & Geen (1958)","Seton","Andrew",1958,1,1,43027,43027,"LHP","Francis",3.66,NA,120,45.4,127.4,"net","Canada","North America","Seton Creek","Seton Creek",NA,50.6727558018827,-121.924206760034
"214","Hamilton_1954_Baker_Dam","Hamilton & Andrew (1954)","Baker Dam","Hamilton",1954,4,4,9929,39717,"LHP","Francis",NA,NA,300,76.2,62.3,"net","Canada","North America","Baker Dam","Baker River",NA,48.5476092266206,-121.741022606072
"215","Munro_1965_Clunie","Munro (1965)","Clunie","Munro",1965,3,2,41000,61000,"LHP","Francis",NA,NA,NA,52.7,NA,"net","Great Britain","Europe","Clunie station","River Tummel",NA,56.716824280906,-3.77792988479942
"216","Munro_1965_Invergarry_0MW","Munro (1965)","Invergarry 0MW","Munro",1965,1,1,20000,20000,"LHP","Kaplan",NA,NA,NA,53.3,NA,"net","Great Britain","Europe","Invergarry station","River Garry",NA,57.0718726491958,-4.77394887777589
"217","Munro_1965_Invergarry_1MW","Munro (1965)","Invergarry 1MW","Munro",1965,1,1,20000,20000,"LHP","Kaplan",NA,NA,NA,53.3,NA,"net","Great Britain","Europe","Invergarry station","River Garry",NA,57.0718726491958,-4.77394887777589
"218","Munro_1965_Invergarry_2MW","Munro (1965)","Invergarry 2MW","Munro",1965,1,1,20000,20000,"LHP","Kaplan",NA,NA,NA,53.3,NA,"net","Great Britain","Europe","Invergarry station","River Garry",NA,57.0718726491958,-4.77394887777589
"219","Munro_1965_Invergarry_5MW","Munro (1965)","Invergarry 5MW","Munro",1965,1,1,20000,20000,"LHP","Kaplan",NA,NA,NA,53.3,NA,"net","Great Britain","Europe","Invergarry station","River Garry",NA,57.0718726491958,-4.77394887777589
"220","Munro_1965_Invergarry_10MW","Munro (1965)","Invergarry 10MW","Munro",1965,1,1,20000,20000,"LHP","Kaplan",NA,NA,NA,53.3,NA,"net","Great Britain","Europe","Invergarry station","River Garry",NA,57.0718726491958,-4.77394887777589
"221","Munro_1965_Invergarry_15MW","Munro (1965)","Invergarry 15MW","Munro",1965,1,1,20000,20000,"LHP","Kaplan",NA,NA,NA,53.3,NA,"net","Great Britain","Europe","Invergarry station","River Garry",NA,57.0718726491958,-4.77394887777589
"222","Munro_1965_Invergarry_18MW","Munro (1965)","Invergarry 18MW","Munro",1965,1,1,20000,20000,"LHP","Kaplan",NA,NA,NA,53.3,NA,"net","Great Britain","Europe","Invergarry station","River Garry",NA,57.0718726491958,-4.77394887777589
"223","Munro_1965_Invergarry_20MW","Munro (1965)","Invergarry 20MW","Munro",1965,1,1,20000,20000,"LHP","Kaplan",NA,NA,NA,53.3,NA,"net","Great Britain","Europe","Invergarry station","River Garry",NA,57.0718726491958,-4.77394887777589
"224","Wunderlich_1985_Vertical_low","Wunderlich & Dilley (1985)","Vertical low","Wunderlich",1985,4,2,7400,14800,"LHP","Francis",NA,NA,NA,32.9,49.6,"net","US","North America","Elwha dam","Elwha River","42.6",48.0944863804646,-123.556911979984
"225","Wunderlich_1985_Vertical_mid","Wunderlich & Dilley (1985)","Vertical mid","Wunderlich",1985,4,2,7400,14800,"LHP","Francis",NA,NA,NA,32.9,49.6,"net","US","North America","Elwha dam","Elwha River","42.6",48.0944863804646,-123.556911979984
"226","Wunderlich_1985_Vertical_high","Wunderlich & Dilley (1985)","Vertical high","Wunderlich",1985,4,2,7400,14800,"LHP","Francis",NA,NA,NA,32.9,49.6,"net","US","North America","Elwha dam","Elwha River","42.6",48.0944863804646,-123.556911979984
"227","Wunderlich_1985_Horizontal_low","Wunderlich & Dilley (1985)","Horizontal low","Wunderlich",1985,4,2,7400,14800,"LHP","Francis",NA,NA,NA,32.9,49.6,"net","US","North America","Elwha dam","Elwha River","42.6",48.0944863804646,-123.556911979984
"228","Wunderlich_1985_Horizontal_mid","Wunderlich & Dilley (1985)","Horizontal mid","Wunderlich",1985,4,2,7400,14800,"LHP","Francis",NA,NA,NA,32.9,49.6,"net","US","North America","Elwha dam","Elwha River","42.6",48.0944863804646,-123.556911979984
"229","Wunderlich_1985_Horizontal_high","Wunderlich & Dilley (1985)","Horizontal high","Wunderlich",1985,4,2,7400,14800,"LHP","Francis",NA,NA,NA,32.9,49.6,"net","US","North America","Elwha dam","Elwha River","42.6",48.0944863804646,-123.556911979984
"230","Massey_1967_Portland_General_Electric_No9_1960","Massey (1967)","Portland_General_Electric_No9_1960","Massey",1967,13,1,895,15212,"LHP","Francis",NA,NA,240,13,NA,"net","US","North America","Willamette Falls Portland Electric","Willamette River",NA,45.3540422903082,-122.618986612796
"231","Massey_1967_Crown_Zellerbach_No20_1960","Massey (1967)","Crown_Zellerbach_No20_1960","Massey",1967,16,1,1282,17443,"LHP","Francis",NA,NA,277,12.8,234,"net","US","North America","Willamette Falls Crown Zellerbach","Willamette River",NA,45.3561778186994,-122.615430351904
"232","Massey_1967_Crown_Zellerbach_No21_1960","Massey (1967)","Crown_Zellerbach_No21_1960","Massey",1967,16,1,1562,17443,"LHP","Francis",NA,NA,255,12.5,234,"net","US","North America","Willamette Falls Crown Zellerbach","Willamette River",NA,45.3561778186994,-122.615430351904
"233","Massey_1967_Publishers_Paper_No2_1960","Massey (1967)","Publishers_Paper_No2_1960","Massey",1967,21,1,820,11122,"LHP","Francis",NA,NA,NA,12.6,143,"net","US","North America","Willamette Falls Publishers Paper","Willamette River",NA,45.3553372479927,-122.611922585478
"234","Massey_1967_Crown_Zellerbach_No20_1961","Massey (1967)","Crown_Zellerbach_No20_1961","Massey",1967,16,1,1195,17443,"LHP","Francis",NA,NA,277,11.9,234,"net","US","North America","Willamette Falls Crown Zellerbach","Willamette River",NA,45.3561778186994,-122.615430351904
"235","Massey_1967_Crown_Zellerbach_No21_1961","Massey (1967)","Crown_Zellerbach_No21_1961","Massey",1967,16,1,1890,17443,"LHP","Francis",NA,NA,255,13,234,"net","US","North America","Willamette Falls Crown Zellerbach","Willamette River",NA,45.3561778186994,-122.615430351904
"236","Massey_1967_Publishers_Paper_No2_1961","Massey (1967)","Publishers_Paper_No2_1961","Massey",1967,21,1,820,11122,"LHP","Francis",NA,NA,300,13.3,143,"net","US","North America","Willamette Falls Publishers Paper","Willamette River",NA,45.3553372479927,-122.611922585478
"237","Massey_1967_Portland_General_Electric_No7_1961","Massey (1967)","Portland_General_Electric_No7_1961","Massey",1967,13,1,1193,15212,"LHP","Other",NA,NA,242,13.7,NA,"net","US","North America","Willamette Falls Portland Electric","Willamette River",NA,45.3540422903082,-122.618986612796
"238","Massey_1967_Portland_General_Electric_No8_1961","Massey (1967)","Portland_General_Electric_No8_1961","Massey",1967,13,1,1193,15212,"LHP","Other",NA,NA,242,11.5,NA,"net","US","North America","Willamette Falls Portland Electric","Willamette River",NA,45.3540422903082,-122.618986612796
"239","Lagarrigue_2008_Troussy_Mill_periphery","Lagarrigue et al. (2008)","Troussy Mill periphery","Lagarrigue",2008,1,1,410,410,"vSHP","VLH",4.5,8,40,2.5,20,"net","France","Europe","Troussy Mill","Tarn River","36",44.1143138569599,3.08467104610413
"240","Lagarrigue_2008_Troussy_Mill_hub","Lagarrigue et al. (2008)","Troussy Mill hub","Lagarrigue",2008,1,1,410,410,"vSHP","VLH",4.5,8,40,2.5,20,"net","France","Europe","Troussy Mill","Tarn River","36",44.1143138569599,3.08467104610413
"241","Lagarrigue_2008_Troussy_Mill_midblade","Lagarrigue et al. (2008)","Troussy Mill midblade","Lagarrigue",2008,1,1,410,410,"vSHP","VLH",4.5,8,40,2.5,20,"net","France","Europe","Troussy Mill","Tarn River","36",44.1143138569599,3.08467104610413
"242","Lagarrigue_2011_Frouard_P1","Lagarrigue & Frey (2008)","Frouard P1","Lagarrigue",2011,1,1,400,400,"SHP","VLH",4.5,8,38,2.4,22,"net","France","Europe","Frouard","Moselle river","65",48.7623961465454,6.12150576362743
"243","Lagarrigue_2011_Frouard_P2","Lagarrigue & Frey (2008)","Frouard P2","Lagarrigue",2011,1,1,400,400,"SHP","VLH",4.5,8,38,2.4,22,"net","France","Europe","Frouard","Moselle river","65",48.7623961465454,6.12150576362743
"244","Lagarrigue_2011_Frouard_P3","Lagarrigue & Frey (2008)","Frouard P3","Lagarrigue",2011,1,1,400,400,"SHP","VLH",4.5,8,38,2.4,22,"net","France","Europe","Frouard","Moselle river","65",48.7623961465454,6.12150576362743
"245","Lagarrigue_2011_Frouard_P4","Lagarrigue & Frey (2008)","Frouard P4","Lagarrigue",2011,1,1,400,400,"SHP","VLH",4.5,8,38,2.4,22,"net","France","Europe","Frouard","Moselle river","65",48.7623961465454,6.12150576362743
"246","Normandeau_Associates_2014_McNary_Steelhead","Normandeau Associates (2014)","McNary Steelhead","Normandeau Associates",2014,14,1,70000,980000,"LHP","Kaplan",7.11,6,85.7,22.86,6570,"balloon","US","North America","McNary","Columbia River",NA,45.9358828027699,-119.298012157776
"247","Mathur_1993_Craggy_Dam_13","Mathur et al. (1993)","Craggy Dam 13","Mathur",1993,3,1,700,2100,"SHP","Kaplan",1.75,4,229,6,54,"balloon","US","North America","Craggy Dam","French Broad River",NA,35.6423739646694,-82.5986160016871
"248","Mathur_1993_Craggy_Dam_28","Mathur et al. (1993)","Craggy Dam 28","Mathur",1993,3,1,700,2100,"SHP","Kaplan",1.75,4,229,6,54,"balloon","US","North America","Craggy Dam","French Broad River",NA,35.6423739646694,-82.5986160016871
"249","Rivinoja_2005_Sikfors","Rivinoja (2005)","Sikfors","Rivinoja",2005,2,2,50000,50000,"LHP","Kaplan",3.95,NA,167,20,270,"telemetry","Sweden","Europe","Sikfors","Piteälven","150",65.5345640979647,21.211261128828
